id_usuario,cedula,nombre,apellido
1,0102030401,Ana,Martínez
2,0102030402,Luis,Gómez
3,0102030403,Camila,Rodríguez
4,0102030404,Lucía,Fernández
5,0102030405,Javier,Pérez
6,0102030406,Marta,Díaz
7,0102030407,David,Sánchez
8,0102030408,Laura,Ramírez
9,0102030409,Andrés,Castillo
10,0102030410,Paula,Morales
11,0102030411,Sofía,Rojas
12,0102030412,Manuel,Herrera
13,0102030413,Julia,Ortega
14,0102030414,Pedro,Vargas
15,0102030415,Elena,Cruz
16,0102030416,Diego,López
17,0102030417,Isabel,Jiménez
18,0102030418,Alberto,Silva
19,0102030419,Clara,Torres
20,0102030420,Hugo,Navarro
